[
    {
      "album_type": "album",
      "artists": [
        {
          "external_urls": {
            "spotify": "https://open.spotify.com/intl-ar/album/5u9MUiMx6rkuCrGgwzfGuq?si=db73594d7b6e4e5f"
          },
          "href": "https://api.spotify.com/v1/artists/757aE44tKEUQEqRuT6GnEB",
          "id": "757aE44tKEUQEqRuT6GnEB",
          "name": "أصالة نصري",
          "type": "artist",
          "uri": "spotify:artist:757aE44tKEUQEqRuT6GnEB"
        }
      ],
      "available_markets": [
        "AD",
        "AE",
        "AG"
      ],
      "external_urls": {
        "spotify": "https://open.spotify.com/album/1eVrpJbHRLBbioB9sb5b94"
      },
      "href": "https://api.spotify.com/v1/albums/1eVrpJbHRLBbioB9sb5b94",
      "id": "1eVrpJbHRLBbioB9sb5b94",
      "images": [
        {
          "height": 640,
          "url": "https://i.scdn.co/image/ab67616d0000b2738007e1fcf108e4270b6df942",
          "width": 640
        },
        {
          "height": 300,
          "url": "https://i.scdn.co/image/ab67616d00001e028007e1fcf108e4270b6df942",
          "width": 300
        },
        {
          "height": 64,
          "url": "https://i.scdn.co/image/ab67616d000048518007e1fcf108e4270b6df942",
          "width": 64
        }
      ],
      "name": "LIVE LIFE FAST",
      "release_date": "2021-12-17",
      "release_date_precision": "day",
      "total_tracks": 18,
      "type": "album",
      "uri": "spotify:album:1eVrpJbHRLBbioB9sb5b94"
    },
    {
      "album_type": "single",
      "artists": [
        {
          "external_urls": {
            "spotify": "https://open.spotify.com/artist/0urTpYCsixqZwgNTkPJOJ4"
          },
          "href": "https://api.spotify.com/v1/artists/0urTpYCsixqZwgNTkPJOJ4",
          "id": "0urTpYCsixqZwgNTkPJOJ4",
          "name": "Aaliyah",
          "type": "artist",
          "uri": "spotify:artist:0urTpYCsixqZwgNTkPJOJ4"
        }
      ],
      "available_markets": [
        "AD",
        "AE",
        "AG"
      ],
      "external_urls": {
        "spotify": "https://open.spotify.com/album/2t0AfNqhtlMnjFxbTzmPqO"
      },
      "href": "https://api.spotify.com/v1/albums/2t0AfNqhtlMnjFxbTzmPqO",
      "id": "2t0AfNqhtlMnjFxbTzmPqO",
      "images": [
        {
          "height": 640,
          "url": "https://i.scdn.co/image/ab67616d0000b273bfa88fd0ac35dca91e77598a",
          "width": 640
        },
        {
          "height": 300,
          "url": "https://i.scdn.co/image/ab67616d00001e02bfa88fd0ac35dca91e77598a",
          "width": 300
        },
        {
          "height": 64,
          "url": "https://i.scdn.co/image/ab67616d00004851bfa88fd0ac35dca91e77598a",
          "width": 64
        }
      ],
      "name": "Poison (feat. The Weeknd)",
      "release_date": "2021-12-17",
      "release_date_precision": "day",
      "total_tracks": 1,
      "type": "album",
      "uri": "spotify:album:2t0AfNqhtlMnjFxbTzmPqO"
    }
]